region,year,mean,sdev
CYP,1980-1999,9.8372813393087952,0.035812404604545031
TON,1980-1999,8.4925929798799391,0.28475974975000401
CHN,1980-1999,9.0109332028557265,0.029721367474957894
VUT,1980-1999,8.4357766544117645,0.20352771522738561
SPM,1980-1999,8.919790380141313,0.0012140004128710852
BEL,1980-1999,10.434351191801181,0.00075000228476819139
ISL,1980-1999,10.441452643450567,0.044765506286309972
CHL,1980-1999,9.5493750291712143,0.077008321096727936
FUND-FSU,1980-1999,9.2099467445822309,0.026583413524577746
GMB,1980-1999,7.5305739851558897,0.073695002863488596
KHM,1980-1999,7.6856199713314268,0.030899162375377109
GTM,1980-1999,8.4607012692619765,0.14850853884235615
DMA,1980-1999,8.919790380141313,0.0012140004128710852
HTI,1980-1999,7.0603427606470435,0.1270335527403432
SRB,1980-1999,8.921173207900102,0.035936192684201951
NLD,1980-1999,10.562141194063074,0.045064860024467246
UMI,1980-1999,8.919790380141313,0.0012140004128710852
BRB,1980-1999,9.8506183624267578,0.099476432963433073
GNB,1980-1999,6.9704075420604035,0.094970148844351038
GRL,1980-1999,8.9307555030373962,0.0012135958809142374
TWN,1980-1999,nan,nan
COG,1980-1999,8.2184467876658704,0.24927036951744624
COD,1980-1999,5.7983351595261512,0.055331678202744684
IRL,1980-1999,10.486741907456341,0.029836254899052169
JOR,1980-1999,8.5677679286283599,0.011631102761501184
BHR,1980-1999,10.002257964190314,0.051147403834829352
YEM,1980-1999,7.7490790872012862,0.087951113495990857
NPL,1980-1999,7.0448120341581451,0.03373675229767386
LAO,1980-1999,7.9099703957052796,0.057089976876856664
CAN,1980-1999,10.493421049679025,0.002729377122206065
URY,1980-1999,9.4840166428509871,0.05879831531083049
KWT,1980-1999,10.750853258020738,0.039397367560101766
CPV,1980-1999,8.2570804147159347,0.0485490944790994
SHN,1980-1999,8.919790380141313,0.0012140004128710852
UGA,1980-1999,7.0950777390423942,0.0079528961201514002
UKR,1980-1999,8.8276601118199949,0.04868865739324129
TLS,1980-1999,7.3015123535605024,0.048960907832573085
TCD,1980-1999,7.2015749987433919,0.027135599726901379
SSD,1980-1999,8.9178088693057784,0.0012144049862907488
PLW,1980-1999,8.919790380141313,0.0012140004128710852
PHL,1980-1999,8.1878112344180849,0.086110291953029036
WSM,1980-1999,8.4438417659086333,0.23534415528789776
DNK,1980-1999,10.409575518439796,0.0080789077018716664
ESH,1980-1999,8.9446030785055726,0.0012140004128710852
ATF,1980-1999,nan,nan
BFA,1980-1999,7.0108817324918844,0.15005223213468064
VEN,1980-1999,9.2962893878712372,0.085418137178771156
ARM,1980-1999,8.6179288976332717,0.08117216907946409
TJK,1980-1999,7.7047507903155159,0.071039451579757121
EST,1980-1999,9.7970714008106903,0.028352431406243838
ARE,1980-1999,10.679121971130371,0.0
THA,1980-1999,9.0125488393446975,0.010856424107950532
MAR,1980-1999,8.3647982653449553,0.13377103411770816
ZMB,1980-1999,7.3722758573644303,0.11696738099799284
FUND-SIS,1980-1999,8.6785142000983733,0.13957768242083374
,1980-1999,8.7790975009693799,0.0055720231785049345
POL,1980-1999,9.8130191915175473,0.0054029288332072874
IND,1980-1999,8.134389372432933,0.058916439509164309
MKD,1980-1999,9.1471477396347947,0.055954050506373934
KO-,1980-1999,8.9592701407039854,0.001213191390461682
STP,1980-1999,7.6338097067440254,0.049384654181292904
UZB,1980-1999,8.0652371013865753,0.019463650367766497
TZA,1980-1999,7.1804698214811422,0.046449572943388341
RUS,1980-1999,9.644555316251866,0.014669137854421616
SWZ,1980-1999,8.3775731816011305,0.084241756998412368
PER,1980-1999,9.1093250723446104,0.075266408495745105
BRN,1980-1999,10.725254283231846,0.049720618856507116
LIE,1980-1999,8.919790380141313,0.0012140004128710852
GIN,1980-1999,6.9172052776112274,0.1202572382835318
SMR,1980-1999,8.919790380141313,0.0012140004128710852
AGO,1980-1999,8.5951967239379865,0.0
TUR,1980-1999,9.4502574135275434,0.10096510879858576
AND,1980-1999,8.919790380141313,0.0012140004128710852
DOM,1980-1999,9.1371104857500853,0.064987654374923237
PAK,1980-1999,7.8145061100230491,0.0017795360866599526
LCA,1980-1999,9.1281885259291702,0.18542127048593057
MWI,1980-1999,6.6764065237606269,0.074674981183894928
NER,1980-1999,6.4848220769096816,0.11594128661755979
ALA,1980-1999,8.919790380141313,0.0012140004128710852
TTO,1980-1999,10.148039369022143,0.13211406922822411
SUR,1980-1999,9.0321296243106612,0.16512185787352096
GLP,1980-1999,8.919790380141313,0.0012140004128710852
BDI,1980-1999,6.2432256025426529,0.13059242231779097
LTU,1980-1999,9.7209764929378721,0.014115737946738875
SLV,1980-1999,8.7252956278183866,0.015876665653354036
CMR,1980-1999,7.6276052138384651,0.081868165185462818
FUND-EEU,1980-1999,9.5801578409531523,0.0026913511490542206
MTQ,1980-1999,8.919790380141313,0.0012140004128710852
LVA,1980-1999,9.5542509415570436,0.0089191204335598139
FUND-CHI,1980-1999,9.0165573568905089,0.028439405704889439
MYT,1980-1999,8.919790380141313,0.0012140004128710852
GNQ,1980-1999,10.25849521861357,0.16102273397324082
NIC,1980-1999,7.8325576501734115,0.078349344445643565
ECU,1980-1999,8.8956119873944441,0.063460950204493674
LKA,1980-1999,8.5008179159725419,0.086806086912780606
GAB,1980-1999,9.473373861873851,0.14130179804744902
MLI,1980-1999,6.8513328888837028,0.0039443888616961355
PRT,1980-1999,9.9529765633975753,0.02897581471355843
VCT,1980-1999,9.153892797582289,0.076907187718287237
FIN,1980-1999,10.397411514731013,0.0092407233083856514
KOR,1980-1999,10.261418847476733,0.053586730546409722
SYR,1980-1999,8.4548435211181623,0.038972203728524536
VNM,1980-1999,8.0761915655697081,0.038569290378170626
CHE,1980-1999,10.584296506993912,0.0091108689133595697
EGY,1980-1999,8.6320204454309781,0.041797860704695503
TUN,1980-1999,9.0206298267140106,0.11780901004083499
FUND-ANZ,1980-1999,10.482840706320369,0.042584674377682818
IRN,1980-1999,9.3051277048447538,0.018393663958808232
TGO,1980-1999,6.7965955173268036,0.11214232653670447
SWE,1980-1999,10.460805051466998,0.0059793868628694354
FUND-LAM,1980-1999,9.2261106827679793,0.049514306781180503
IRQ,1980-1999,8.2983129725736724,0.12298014322344489
HRV,1980-1999,9.7071302077349486,0.00045348038108167368
SVN,1980-1999,10.155593591577865,0.011002055610457214
MOZ,1980-1999,6.7917184268727011,0.053058209994609931
SEN,1980-1999,7.442420987521901,0.07962665503313944
RWA,1980-1999,7.029957434710334,0.020298200183142222
FUND-SSA,1980-1999,7.276889576631433,0.051392550031291909
BLZ,1980-1999,8.863851659438188,0.10815202448241568
GEO,1980-1999,8.6292877758250501,0.092102622396686221
GUF,1980-1999,8.9183021994198057,0.001213191390461682
BTN,1980-1999,8.616789986105525,0.043660325504282158
AUS,1980-1999,10.542086601257324,0.044597625876374891
MDA,1980-1999,8.0742684532614319,0.043170841622376666
VIR,1980-1999,8.919790380141313,0.0012140004128710852
HND,1980-1999,8.2054623435525329,0.020806292441731815
BHS,1980-1999,10.253091756035298,0.031178896696109196
ATG,1980-1999,8.919790380141313,0.0012140004128710852
FJI,1980-1999,8.3764094184426678,0.033398158855837433
NCL,1980-1999,9.7984218597412109,0.0
FUND-#N/A,1980-1999,nan,nan
ARG,1980-1999,9.5971616296207198,0.074990112703568201
ZWE,1980-1999,5.805547461790197,0.52289557892925953
FRO,1980-1999,8.919790380141313,0.0012140004128710852
TKM,1980-1999,9.0402953764971556,0.025638022336130804
ROU,1980-1999,9.3260482900282913,0.011530374243342139
MNG,1980-1999,8.3649150623994721,0.084138600535479863
BRA,1980-1999,9.2494613423066969,0.024693440395521654
SVK,1980-1999,9.9643565907197829,0.0027144094078430017
CZE,1980-1999,10.104319235857796,0.025497245096276409
MDG,1980-1999,6.7250838840708997,0.045142530823347064
DZA,1980-1999,8.9025248920216278,0.10828430669836747
NRU,1980-1999,8.919790380141313,0.0012140004128710852
COM,1980-1999,6.8874811284682327,0.033846379532263611
FUND-MDE,1980-1999,9.160108678481155,0.0094729247729805205
NZL,1980-1999,10.188548256369197,0.032578576718727839
TUV,1980-1999,8.919790380141313,0.0012140004128710852
ESP,1980-1999,10.21396322811351,0.017028772753010849
MRT,1980-1999,7.6605800740859076,0.16627760135183825
CYM,1980-1999,8.919790380141313,0.0012140004128710852
NOR,1980-1999,10.78209035536822,0.009134735932670314
PRI,1980-1999,9.8700922236723052,0.13407281292170792
ERI,1980-1999,6.2793638004976158,0.102586875848776
GRD,1980-1999,8.919790380141313,0.0012140004128710852
TCA,1980-1999,8.919790380141313,0.0012140004128710852
MYS,1980-1999,9.5047105901381546,0.085740547667336561
GHA,1980-1999,7.3680416275473188,0.11527967335212089
FSM,1980-1999,8.919790380141313,0.0012140004128710852
BGD,1980-1999,7.3839850706212644,0.035087484693796682
IDN,1980-1999,8.389166719773236,0.031747667836246073
OMN,1980-1999,10.114212148329791,0.070286620588378396
BEN,1980-1999,7.2142512377570647,0.11100801855331424
FUND-CAN,1980-1999,10.493421049679025,0.002729377122206065
CRI,1980-1999,9.3191789739272171,0.0079041498502266209
LUX,1980-1999,11.203235121334298,0.10581099608133965
CUB,1980-1999,8.8828895793241607,0.30335123310477236
SLB,1980-1999,7.8103165346033414,0.086189175927758779
CIV,1980-1999,7.411279734443216,0.12086909188652122
DEU,1980-1999,10.430097916546989,0.025427260718942413
WLF,1980-1999,8.919790380141313,0.0012140004128710852
SAU,1980-1999,9.9740775052238906,0.024566012636602904
PRK,1980-1999,8.9175690482644452,0.0012135958809142374
QAT,1980-1999,11.259984016418455,0.0
JAM,1980-1999,8.9233857323141663,0.12281388107387442
FUND-JPK,1980-1999,10.333951501285329,0.011822446416446319
AZE,1980-1999,9.1793407552382522,0.12714520321723397
MNP,1980-1999,8.919790380141313,0.0012140004128710852
ITA,1980-1999,10.211525299969841,0.0071561703551248175
ASM,1980-1999,8.919790380141313,0.0012140004128710852
SOM,1980-1999,4.1282152849085181,1.1320962502469716
NGA,1980-1999,7.7387260549208685,0.017819430240407962
FUND-WEU,1980-1999,10.345398173612708,0.0043398188574043173
KAZ,1980-1999,9.4260172002455764,0.036684576809560179
PSE,1980-1999,7.9631304740905744,0.0
LSO,1980-1999,7.2934682509478392,0.10767083178247107
NAM,1980-1999,8.6620950698852539,0.11175883156019477
FUND-CAM,1980-1999,9.2156554951387299,0.019907017659391638
ISR,1980-1999,10.218788203071146,0.028369421748488742
MMR,1980-1999,7.3678078651428214,0.0
SJM,1980-1999,8.8545247246237349,0.0012140004128710852
LBN,1980-1999,9.5015461865593398,0.018518663977259136
PAN,1980-1999,9.5099305545582489,0.11704565830192647
MNE,1980-1999,9.2593021392822248,0.0
LBR,1980-1999,6.1958795435288359,0.1252437016781574
KEN,1980-1999,7.3030526778277221,0.097915746137356555
MUS,1980-1999,9.405893045313217,0.12190813252780133
GBR,1980-1999,10.410614013671873,0.009105205135604864
KGZ,1980-1999,7.7774265233208144,0.11017589876508432
AUT,1980-1999,10.511079002829158,0.0052354525901577853
COL,1980-1999,9.0718533011043778,0.070693174874430498
USA,1980-1999,10.664339626536648,0.022284047261104854
FUND-USA,1980-1999,10.662159414852365,0.022253303334284706
ZAF,1980-1999,9.155221658594467,0.099709036014576119
SLE,1980-1999,6.7760400491602271,0.0060766767838988977
CAF,1980-1999,6.5883851331823013,0.032921215073667853
AFG,1980-1999,7.1220169067382804,0.0
JPN,1980-1999,10.360482103684367,0.0034555119919774547
BOL,1980-1999,8.3914471233592298,0.077925395567950376
BIH,1980-1999,9.0015724967507733,0.077590038491329852
DJI,1980-1999,7.6899888375226197,0.057426345045573708
TKL,1980-1999,8.919790380141313,0.0012140004128710852
PNG,1980-1999,7.8744521421544684,0.050593597913228545
SDN,1980-1999,7.6240322449628035,0.055749155581261013
HKG,1980-1999,10.655969619750977,0.073715025930722919
FUND-MAF,1980-1999,8.7041819516350234,0.076350149388464308
PRY,1980-1999,8.4313629374784593,0.11971071704174799
ALB,1980-1999,8.9800930023193342,0.0
LBY,1980-1999,9.7528887356028822,0.046865431163037041
FUND-SAS,1980-1999,8.0009746271021225,0.040853884866521341
BMU,1980-1999,8.919790380141313,0.0012140004128710852
FRA,1980-1999,10.313135708079617,0.016997623762868199
HUN,1980-1999,9.7592075011309447,0.00096238155561268802
GUY,1980-1999,8.204405560212976,0.11408974511752334
KNA,1980-1999,8.919790380141313,0.0012140004128710852
GRC,1980-1999,10.079563926247989,0.057778894987154591
ETH,1980-1999,6.8682585043065689,0.11534257954463478
BWA,1980-1999,9.4108468785005464,0.15137545266287922
MEX,1980-1999,9.4510977688957638,0.039090327933091071
BLR,1980-1999,9.5346436781041763,0.040896967259022685
BGR,1980-1999,9.4046076606301696,0.01508499653001554
GUM,1980-1999,8.919790380141313,0.0012140004128710852
FUND-SEA,1980-1999,8.3228096681482651,0.0011355212964091702
REU,1980-1999,8.919790380141313,0.0012140004128710852
SYR,2000-2019,8.4609176972333113,0.04005149527873101
USA,2000-2019,10.668177380281335,0.023292950175885601
FUND-JPK,2000-2019,10.336893810945398,0.013933294181924663
BRB,2000-2019,9.8516104081097762,0.09583200249732135
GLP,2000-2019,8.9263316883760329,0.00089603830405056201
PER,2000-2019,9.12075340046602,0.075802006551507997
NAM,2000-2019,8.6686607248642851,0.11107355536123874
FUND-MDE,2000-2019,9.1683464611277827,0.006858030293967976
DOM,2000-2019,9.1449408811681394,0.064712168747869919
TWN,2000-2019,nan,nan
NIC,2000-2019,7.8387284839854505,0.079228594218439613
ESP,2000-2019,10.215363165911507,0.017298595436522884
MMR,2000-2019,7.3808851242065421,0.0
KAZ,2000-2019,9.4393036225262801,0.038786929380188538
SUR,2000-2019,9.0422928193036238,0.16718132880325753
FUND-SAS,2000-2019,8.0106426126816679,0.042648995831696103
GRD,2000-2019,8.9263316883760329,0.00089603830405056201
LBN,2000-2019,9.5087713914759018,0.019786062841904112
BFA,2000-2019,7.0166672818800988,0.15470010190603281
FUND-WEU,2000-2019,10.346627964692956,0.003960772385759031
MEX,2000-2019,9.4566056868609252,0.039309583594882951
DEU,2000-2019,10.433326777289894,0.026973382012332615
BGD,2000-2019,7.3953822921304129,0.038129968870172073
UGA,2000-2019,7.102331021252799,0.0086850988264898527
LCA,2000-2019,9.1309652889476087,0.18712272931923821
,2000-2019,8.7545116087969603,0.0059826231217033352
SJM,2000-2019,8.8610650791841383,0.00089603830405056201
ZAF,2000-2019,9.162595580605899,0.099891077677181681
SLV,2000-2019,8.728978774126837,0.015352392210276402
LBY,2000-2019,9.758223140940947,0.042181356771398906
ITA,2000-2019,10.212794472189509,0.0069134512824507582
LIE,2000-2019,8.9263316883760329,0.00089603830405056201
FUND-ANZ,2000-2019,10.487704108743104,0.042429334749823619
STP,2000-2019,7.6554180033066679,0.057240057786434366
ARE,2000-2019,10.682543754577635,0.0
MUS,2000-2019,9.4133331074434174,0.12415611708937049
FUND-EEU,2000-2019,9.5897346384385038,0.0011027541889962278
MDA,2000-2019,8.0896440954769364,0.04616154583025274
KO-,2000-2019,8.9658107196583465,0.00089563375804409175
IRQ,2000-2019,8.3155531041762405,0.12333532191568072
SOM,2000-2019,4.1308285348555618,1.1329351293025873
ATG,2000-2019,8.9263316883760329,0.00089603830405056201
FUND-SEA,2000-2019,8.3740761700798476,0.0008515398189987525
TUR,2000-2019,9.457077587352078,0.10335063507133666
PSE,2000-2019,7.9699897766113281,0.0
BTN,2000-2019,8.6367744557997757,0.045007820959229727
TKM,2000-2019,9.058036972494687,0.02446649749545169
HKG,2000-2019,10.66161890590892,0.075646262987569865
MLI,2000-2019,6.8546857833862305,0.0067773261009042842
BOL,2000-2019,8.3986338447121991,0.079901130732937586
BMU,2000-2019,8.9263316883760329,0.00089603830405056201
MRT,2000-2019,7.6691274642944327,0.16526910382150048
TTO,2000-2019,10.153509083916157,0.13464725062699134
GUY,2000-2019,8.2136904211605284,0.11122525170703104
SVN,2000-2019,10.158542969647575,0.011831346115865967
DZA,2000-2019,8.9070196151733381,0.10907678510652527
MOZ,2000-2019,6.8044590108534866,0.053346235263176715
CHE,2000-2019,10.587392526514389,0.0088450912393958081
COG,2000-2019,8.2295151878805708,0.25002845959798287
TUV,2000-2019,8.9263316883760329,0.00089603830405056201
VIR,2000-2019,8.9263316883760329,0.00089603830405056201
HUN,2000-2019,9.7633016249712767,0.0020283232527123301
SPM,2000-2019,8.9263316883760329,0.00089603830405056201
ERI,2000-2019,6.2818887093487907,0.10463462004063112
GRC,2000-2019,10.080034704769359,0.058978333291954677
JPN,2000-2019,10.362510625053854,0.0018996820783010941
CHL,2000-2019,9.5577913733089659,0.078588019194746464
AUT,2000-2019,10.514452429378732,0.0040238793903910582
LKA,2000-2019,8.5124307520249296,0.091398334082494134
NCL,2000-2019,9.804684638977049,0.0
FUND-SIS,2000-2019,8.6586355882532455,0.13629005151792123
NRU,2000-2019,8.9263316883760329,0.00089603830405056201
BLZ,2000-2019,8.865687370300293,0.10885671852862168
FRO,2000-2019,8.9263316883760329,0.00089603830405056201
GEO,2000-2019,8.6465791814467483,0.096652392369432655
ALB,2000-2019,8.9847230911254901,0.0
TKL,2000-2019,8.9263316883760329,0.00089603830405056201
VEN,2000-2019,9.302543640136717,0.083329134204489147
MDG,2000-2019,6.7275910097009985,0.04385409635526849
EST,2000-2019,9.8065982145421629,0.029372660936314948
FUND-FSU,2000-2019,9.2107221378999586,0.028878727821488457
FRA,2000-2019,10.314435397877411,0.015716471078182359
NPL,2000-2019,7.0506888277390418,0.033746662513538701
KOR,2000-2019,10.268655496485094,0.056012304067674469
ARM,2000-2019,8.6304387485279754,0.087298806646027099
ARG,2000-2019,9.6051565619075987,0.075293915577039586
SWE,2000-2019,10.464703503776997,0.0072536625015017482
ASM,2000-2019,8.9263316883760329,0.00089603830405056201
IDN,2000-2019,8.4031087650972243,0.032881166598015481
SVK,2000-2019,9.9713660408468794,0.003001627134730637
CZE,2000-2019,10.109805107116699,0.026634788776998305
CYM,2000-2019,8.9263316883760329,0.00089603830405056201
TCA,2000-2019,8.9263316883760329,0.00089603830405056201
MNE,2000-2019,9.2636394500732404,0.0
FSM,2000-2019,8.9263316883760329,0.00089603830405056201
BLR,2000-2019,9.5460581498987533,0.042267117769795907
PRY,2000-2019,8.4373616611256317,0.12145384238334044
OMN,2000-2019,10.118688976063448,0.07170450368840782
PAN,2000-2019,9.522949948030357,0.11800359276230485
HND,2000-2019,8.2095190497005675,0.020214461819340779
AND,2000-2019,8.9263316883760329,0.00089603830405056201
BHS,2000-2019,10.256329031551584,0.031131565977173339
SHN,2000-2019,8.9263316883760329,0.00089603830405056201
PLW,2000-2019,8.9263316883760329,0.00089603830405056201
TON,2000-2019,8.4954960205975691,0.28479252671785826
CRI,2000-2019,9.3259031632367293,0.0067399070766982422
AUS,2000-2019,10.546302290523752,0.044268337077837901
ATF,2000-2019,nan,nan
SLB,2000-2019,7.8196004418765792,0.082100974164695584
TCD,2000-2019,7.2053339902092413,0.025614760895177946
POL,2000-2019,9.8212187710930312,0.0039898987172942582
SAU,2000-2019,9.9791139153873196,0.026458817232189315
UZB,2000-2019,8.0824014439302339,0.012294130725948727
THA,2000-2019,9.021618394290698,0.011595504069306654
NLD,2000-2019,10.565111552967743,0.045342773290407444
COM,2000-2019,6.889306489159079,0.03556301177133174
CUB,2000-2019,8.8900136947631836,0.30496935695833066
SWZ,2000-2019,8.3748644099516021,0.083977597246243943
ESH,2000-2019,8.9511451160206494,0.00089563375804409175
BRN,2000-2019,10.725443671731389,0.055781721541459488
NZL,2000-2019,10.192191404454848,0.033173642931182794
YEM,2000-2019,7.7517273005317229,0.098734924156837378
MAR,2000-2019,8.3732236974379592,0.13608050582566375
BIH,2000-2019,9.0093199225033018,0.079439558040771269
URY,2000-2019,9.4932245927698471,0.058316517374218606
ISR,2000-2019,10.223843237932989,0.028309955901242096
GTM,2000-2019,8.4638959660249586,0.15001784532879359
GHA,2000-2019,7.3805871009826651,0.11891783121679089
SMR,2000-2019,8.9263316883760329,0.00089603830405056201
FUND-LAM,2000-2019,9.2302461511948515,0.050032917022079786
PRT,2000-2019,9.9538696513456451,0.029160686633471565
UKR,2000-2019,8.8394182429594128,0.051589555624404898
AFG,2000-2019,7.1277289390563956,0.0
NER,2000-2019,6.4911700136521286,0.11866924677532757
ALA,2000-2019,8.9263316883760329,0.00089603830405056201
FUND-MAF,2000-2019,8.712529967812932,0.075952089298741782
KEN,2000-2019,7.3104720957138944,0.097570478063857602
CIV,2000-2019,7.4174514097325934,0.12636991709554701
BEN,2000-2019,7.2171938559588247,0.11186239155344704
CMR,2000-2019,7.6336541456334732,0.083684110454392405
SLE,2000-2019,6.7905499794903932,0.0054160760875921676
RWA,2000-2019,7.0388741212732651,0.023326122074951567
MYT,2000-2019,8.9263316883760329,0.00089603830405056201
KGZ,2000-2019,7.791458298178279,0.11749630741017575
MNG,2000-2019,8.3842324088601501,0.090828750934339023
SEN,2000-2019,7.4470415395848875,0.08054130276999702
MWI,2000-2019,6.6828577939201788,0.074338614061591868
FUND-CAM,2000-2019,9.2141659680534787,0.018830558032459459
COL,2000-2019,9.0796275980332322,0.070760324760116497
BEL,2000-2019,10.436589577618767,0.00011407850887866868
WLF,2000-2019,8.9263316883760329,0.00089603830405056201
DJI,2000-2019,7.6968214652117553,0.060105763291852882
VCT,2000-2019,9.161269412321202,0.072744958932049159
BRA,2000-2019,9.2558772704180523,0.02503971956607437
BDI,2000-2019,6.249259023105397,0.13372835415353604
TUN,2000-2019,9.0274876426247985,0.11758732712646239
GMB,2000-2019,7.5385885519139917,0.071975944246642415
DMA,2000-2019,8.9263316883760329,0.00089603830405056201
IRN,2000-2019,9.3072284249698409,0.019720528722782089
BWA,2000-2019,9.4187458823708923,0.15162181275980571
NGA,2000-2019,7.7496310963350172,0.015877070228526212
NOR,2000-2019,10.785211394814882,0.0088693631059114948
TGO,2000-2019,6.8011954251457656,0.11793219066160619
CHN,2000-2019,9.0315320632036986,0.031957215369730597
BGR,2000-2019,9.4137146332684694,0.013733050931570526
LVA,2000-2019,9.5647062413832717,0.0091371633187352919
FUND-USA,2000-2019,10.666115031522862,0.023264633067565009
TLS,2000-2019,7.3180843802059394,0.047469398380502029
RUS,2000-2019,9.6541788437787215,0.014902957240752475
GUM,2000-2019,8.9263316883760329,0.00089603830405056201
BHR,2000-2019,10.006898599512438,0.055712141239280692
DNK,2000-2019,10.411840943729175,0.0072200864106119686
GNQ,2000-2019,10.26004897846895,0.15913114225641528
VUT,2000-2019,8.441364512724034,0.20650425928699351
HRV,2000-2019,9.7112613004796646,0.002041672844257849
CYP,2000-2019,9.838057742399327,0.039715329382586269
GBR,2000-2019,10.413417142980238,0.008553828177998048
FUND-CHI,2000-2019,9.036726390614227,0.030598393106616217
CPV,2000-2019,8.2662294612211333,0.048687443832397231
LBR,2000-2019,6.2080946810105262,0.12487921934288271
SDN,2000-2019,7.6288716372321632,0.05676089042047644
GAB,2000-2019,9.4753077450920546,0.14393772709553621
CAF,2000-2019,6.5937018394470224,0.035918797285844691
ZMB,2000-2019,7.3821780260871428,0.11702098176947125
LUX,2000-2019,11.206327831043916,0.10861844994375708
SRB,2000-2019,8.9298868740306183,0.042993657323396439
ECU,2000-2019,8.9016375822179459,0.063723491653252348
ROU,2000-2019,9.333685482249539,0.009293312655243309
LAO,2000-2019,7.9246640205383292,0.055865660395052121
FJI,2000-2019,8.3810521855073805,0.035934573230833329
FUND-#N/A,2000-2019,nan,nan
AGO,2000-2019,8.6016092300415039,0.0
ETH,2000-2019,6.8789746901568254,0.11569634377726939
GIN,2000-2019,6.9296331966624534,0.12817595119481087
HTI,2000-2019,7.0696560915778655,0.12463730854740498
IRL,2000-2019,10.488595345441032,0.03085324798514728
REU,2000-2019,8.9263316883760329,0.00089603830405056201
VNM,2000-2019,8.090791477876552,0.04161258488346363
CAN,2000-2019,10.496289365431842,0.003703085550504177
EGY,2000-2019,8.6388623854693254,0.041317680361050567
TZA,2000-2019,7.189405104693245,0.046520365922831909
KNA,2000-2019,8.9263316883760329,0.00089603830405056201
GRL,2000-2019,8.9372968112721161,0.00089563375804409175
GUF,2000-2019,8.9248427783741651,0.00089563375804409175
ISL,2000-2019,10.445265713860005,0.045176915193906465
PHL,2000-2019,8.1944207023171813,0.087307704740243894
PRK,2000-2019,8.9241096272188063,0.00089603830405056201
PAK,2000-2019,7.8181086989010087,0.00065271233022946872
QAT,2000-2019,11.270615577697752,0.0
PRI,2000-2019,9.8733478994930479,0.13198704775463363
IND,2000-2019,8.1487808788523939,0.062049942948562337
SSD,2000-2019,8.9243509068208571,0.00089603830405056201
MYS,2000-2019,9.5116649515488572,0.087272106763049084
ZWE,2000-2019,5.8119583129882804,0.52506569758841537
FUND-SSA,2000-2019,7.2691950798034659,0.049463133733546362
TJK,2000-2019,7.7201694881214804,0.078661239148901843
GNB,2000-2019,6.9769188656526442,0.094732688097919279
KHM,2000-2019,7.7001963503220505,0.029859110507131758
PNG,2000-2019,7.8894804505740899,0.053469618567357713
FUND-CAN,2000-2019,10.496289365431842,0.003703085550504177
WSM,2000-2019,8.4482897029203521,0.23577053090797193
MKD,2000-2019,9.1555752473718979,0.053915210623045558
AZE,2000-2019,9.1900490031522857,0.1390517940776185
UMI,2000-2019,8.9263316883760329,0.00089603830405056201
COD,2000-2019,5.8136068231919227,0.048832873436099808
LTU,2000-2019,9.7300984438727891,0.014846322851757725
MNP,2000-2019,8.9263316883760329,0.00089603830405056201
JOR,2000-2019,8.574235355152803,0.0092540731360748144
LSO,2000-2019,7.301261396969065,0.11015566856845924
FIN,2000-2019,10.400984427508185,0.010030774407828773
MTQ,2000-2019,8.9263316883760329,0.00089603830405056201
KWT,2000-2019,10.754801413592169,0.041197535304267709
JAM,2000-2019,8.9263560912188353,0.12396517889784855
HRV,2020-2039,9.9162024890675244,0.032296213351326382
COM,2020-2039,7.0747957229614258,0.15319645748524802
FRO,2020-2039,9.2216746947344603,0.041331434634133905
MUS,2020-2039,9.7227333293241607,0.26159787317162747
EGY,2020-2039,9.0124711429371533,0.10096025261413838
YEM,2020-2039,8.1157535104190597,0.51609863068543116
TJK,2020-2039,8.4278454500086166,0.44169954840012798
VIR,2020-2039,9.2216746947344603,0.041331434634133905
GRD,2020-2039,9.2216746947344603,0.041331434634133905
,2020-2039,9.0844803417430207,0.010884741377600163
KHM,2020-2039,8.3265976625330307,0.031814011730101732
NCL,2020-2039,10.043768882751463,0.0
PRT,2020-2039,10.09286033405977,0.032407864420810346
LBN,2020-2039,9.8170135722440826,0.012642028448056669
ECU,2020-2039,9.1437556322883164,0.081285439530847159
GUY,2020-2039,8.5599413479075714,0.001435683922082149
LCA,2020-2039,9.2959479163674743,0.18732014086730375
PAK,2020-2039,8.0237547930549162,0.080095709603571569
IRL,2020-2039,10.605452369241153,0.067101334527184323
FUND-CHI,2020-2039,9.7908878326415998,0.059768383389348631
MLI,2020-2039,7.1187343597412092,0.003751427110723743
FUND-#N/A,2020-2039,nan,nan
PNG,2020-2039,8.4030142952414124,0.17201224577739585
SPM,2020-2039,9.2216746947344603,0.041331434634133905
FUND-WEU,2020-2039,10.470865361830768,0.020146095952508863
GLP,2020-2039,9.2216746947344603,0.041331434634133905
NAM,2020-2039,8.9818519143497237,0.11994534379523583
MDG,2020-2039,6.9924017962287452,0.044166596571291065
IRN,2020-2039,9.4786885205437148,0.0069126422221885966
TUR,2020-2039,9.7344697503482589,0.16910932437448284
COG,2020-2039,8.6850727866677673,0.22068108228156608
MTQ,2020-2039,9.2216746947344603,0.041331434634133905
MYT,2020-2039,9.2216746947344603,0.041331434634133905
IDN,2020-2039,9.0270678015316221,0.079549590734600287
HTI,2020-2039,7.5241785329930924,0.021806295010849693
HND,2020-2039,8.4313962599810441,0.035389668628346561
FUND-USA,2020-2039,10.848897821762982,0.058939902606027557
KNA,2020-2039,9.2216746947344603,0.041331434634133905
URY,2020-2039,9.8481349384083465,0.051232354325073177
GRL,2020-2039,9.232640266418457,0.041331030363037875
WLF,2020-2039,9.2216746947344603,0.041331434634133905
FUND-CAN,2020-2039,10.632170677185059,0.049693514433365706
SMR,2020-2039,9.2216746947344603,0.041331434634133905
VUT,2020-2039,8.7159938812255842,0.27340373483919417
BLZ,2020-2039,8.9987890019136323,0.11987576482170169
FUND-JPK,2020-2039,10.503536280463724,0.095262421362171612
NLD,2020-2039,10.714043280657599,0.058003814870324862
DMA,2020-2039,9.2216746947344603,0.041331434634133905
SWZ,2020-2039,8.405793133903952,0.086772914710871729
PER,2020-2039,9.5586992151596952,0.135789646899688
TCA,2020-2039,9.2216746947344603,0.041331434634133905
MYS,2020-2039,9.8089110430549162,0.15629334777609791
PLW,2020-2039,9.2216746947344603,0.041331434634133905
BRB,2020-2039,9.9243401359109313,0.059331893875813328
BHS,2020-2039,10.373515914468204,0.056118696405106923
GHA,2020-2039,7.8327316115884207,0.28129533736535611
SSD,2020-2039,9.219694361967198,0.041330626087987522
BIH,2020-2039,9.457565756405101,0.14808418033188375
FUND-MAF,2020-2039,9.0564313776352812,0.16058826433057358
GNQ,2020-2039,10.311879550709444,0.13599110547705301
LKA,2020-2039,8.9564463671515959,0.33036507217648597
MNG,2020-2039,9.0983837352079497,0.30957212905931264
LIE,2020-2039,9.2216746947344603,0.041331434634133905
RUS,2020-2039,10.048240549424115,0.02036656583441851
LBY,2020-2039,9.9735129300285781,0.19263407188462831
GUM,2020-2039,9.2216746947344603,0.041331434634133905
FUND-SIS,2020-2039,8.8964667600743912,0.098368419767298293
GEO,2020-2039,9.3186311721801758,0.3037727522856094
OMN,2020-2039,10.290998458862305,0.14565577854459705
CYP,2020-2039,9.9419225804945999,0.17566274282155864
UKR,2020-2039,9.3631190692677198,0.1864245087473759
NER,2020-2039,6.7510071081273688,0.1911929306816553
SJM,2020-2039,9.1564090392168822,0.041331434634133905
AUS,2020-2039,10.712825045866124,0.00053600489208349624
LUX,2020-2039,11.348949881160959,0.18566034673825277
BLR,2020-2039,9.9758805667652783,0.034400588767301503
TUN,2020-2039,9.4265391405890977,0.20839383121108263
ALA,2020-2039,9.2216746947344603,0.041331434634133905
RWA,2020-2039,7.3958795210894417,0.21174112573384424
CIV,2020-2039,7.8548652424531831,0.42891916669211777
JAM,2020-2039,9.1132463006412276,0.22921589821498789
BTN,2020-2039,9.4352823706234208,0.12498742892359679
NRU,2020-2039,9.2216746947344603,0.041331434634133905
PAN,2020-2039,9.9645188836490401,0.1933715359483949
VNM,2020-2039,8.7346851124482985,0.14565092504408295
CMR,2020-2039,7.9523262697107651,0.19277647158593059
TGO,2020-2039,7.0509236560148336,0.36634211864717187
BRA,2020-2039,9.5312947104958923,0.043466554185779979
BGR,2020-2039,9.8314924240112287,0.042046242618856991
AFG,2020-2039,7.3883514404296866,0.0
IRQ,2020-2039,8.9247752357931684,0.16764532829000214
SLE,2020-2039,7.2359404563903809,0.062935262389170743
ERI,2020-2039,6.4464912975535666,0.33767839905357616
ISL,2020-2039,10.64316878599279,0.062818958360126936
TLS,2020-2039,8.008330709793988,0.093183734283840775
TUV,2020-2039,9.2216746947344603,0.041331434634133905
BDI,2020-2039,6.6183136210722067,0.25105192638089663
MWI,2020-2039,7.0371520659502798,0.088057503953559643
SVN,2020-2039,10.308266695807962,0.090524138281856181
NZL,2020-2039,10.348038841696345,0.049984374508574861
GAB,2020-2039,9.5500704260433409,0.24909055458747484
KEN,2020-2039,7.6693755598629219,0.082480424988118875
AUT,2020-2039,10.646870613098145,0.056378000658011518
BWA,2020-2039,9.7718625910141856,0.12325279518778223
ARM,2020-2039,9.1503201652975648,0.30797138783472822
FUND-CAM,2020-2039,9.4351452659158142,0.01868169007004911
ISR,2020-2039,10.456258268917306,0.029728648830038978
UMI,2020-2039,9.2216746947344603,0.041331434634133905
SRB,2020-2039,9.2917470932006818,0.24233324774860882
ROU,2020-2039,9.703666069928337,0.051100476721561393
SOM,2020-2039,4.4293788461124199,1.134000985782061
LTU,2020-2039,10.063843727111816,0.022742382023922959
MEX,2020-2039,9.7037366979262405,0.027952753650500289
UGA,2020-2039,7.4348330778234137,0.11937940471465225
MNP,2020-2039,9.2216746947344603,0.041331434634133905
CPV,2020-2039,8.6302266962387986,0.027097977320989654
EST,2020-2039,10.178171774920296,0.085547587649568504
SWE,2020-2039,10.627089332131778,0.062555608144570798
NGA,2020-2039,8.1757051243501557,0.02007894366204192
ZMB,2020-2039,7.7771991841933303,0.01351925565682768
UZB,2020-2039,8.8300225313972014,0.32013445171930222
AND,2020-2039,9.2216746947344603,0.041331434634133905
FUND-MDE,2020-2039,9.4328939213472243,0.0068309266389231533
NOR,2020-2039,10.905569581424489,0.0053167635303802445
MDA,2020-2039,8.8438722947064559,0.26865897637338076
GRC,2020-2039,10.217658940483542,0.025708005716797808
ARE,2020-2039,10.872739791870117,0.0
MNE,2020-2039,9.4914712905883789,0.0
FUND-EEU,2020-2039,9.9180942984188292,0.026348784539246051
SVK,2020-2039,10.253620484296013,0.072782580528387694
NIC,2020-2039,8.1641760433421418,0.16268495272548469
KOR,2020-2039,10.574774966520421,0.18299771942094908
ATG,2020-2039,9.2216746947344603,0.041331434634133905
KAZ,2020-2039,9.988521632026222,0.015540499691493896
ARG,2020-2039,9.9149590660543989,0.090408846848214458
DEU,2020-2039,10.556646010454962,0.08069239512928833
POL,2020-2039,10.169677285587087,0.027252913988213567
BGD,2020-2039,7.8852974667268638,0.2055562403127846
QAT,2020-2039,11.606865882873535,0.0
ITA,2020-2039,10.326406254487878,0.0088503501442105028
TON,2020-2039,8.6810944501091445,0.28965297825694009
GNB,2020-2039,7.2872374759000884,0.16933201986489346
FUND-ANZ,2020-2039,10.655626801883471,0.0073438731314215792
GTM,2020-2039,8.6334535935345826,0.1557516813693163
BEL,2020-2039,10.557849884033201,0.045691076219271501
THA,2020-2039,9.4314796223359938,0.089915318258802113
IND,2020-2039,8.7497429006239944,0.1640267859182436
LBR,2020-2039,6.7878814865561079,0.1287552405694434
CRI,2020-2039,9.5777346106136534,0.07977087101520694
CUB,2020-2039,9.1554263058830703,0.36252900203682803
MAR,2020-2039,8.7618651109583237,0.29223914306520654
JOR,2020-2039,8.9502455206478331,0.033837884873487739
ATF,2020-2039,nan,nan
CAF,2020-2039,6.8771124166600837,0.17472240894708582
PHL,2020-2039,8.4859153523164643,0.13610154026214616
CHE,2020-2039,10.729306221008301,0.0023381947205691461
TKM,2020-2039,9.8120723051183365,0.019242775854903738
REU,2020-2039,9.2216746947344603,0.041331434634133905
HUN,2020-2039,10.003180447746724,0.02735849624806477
SHN,2020-2039,9.2216746947344603,0.041331434634133905
BRN,2020-2039,10.711277008056641,0.36092786285516476
MKD,2020-2039,9.5803793738870056,0.031341922397750632
ZWE,2020-2039,6.1696490399977728,0.55143672927994958
CHL,2020-2039,9.8764815050012942,0.14999438398687284
FJI,2020-2039,8.6615307190838973,0.18052966815393473
LSO,2020-2039,7.6178201787611997,0.27150324220353012
BOL,2020-2039,8.7119115941664749,0.19374451540720386
BMU,2020-2039,9.2216746947344603,0.041331434634133905
FUND-SAS,2020-2039,8.5293268315932327,0.089720334382215952
AZE,2020-2039,9.5169299630557784,0.40055056296050773
SAU,2020-2039,10.17478578230914,0.15022010795151056
TTO,2020-2039,10.363993195926442,0.10085103158601642
VCT,2020-2039,9.4406416836906875,0.023862126555851404
MOZ,2020-2039,7.3073522343355055,0.13458171313531314
TKL,2020-2039,9.2216746947344603,0.041331434634133905
NPL,2020-2039,7.3338151258580817,0.010594894156973813
BEN,2020-2039,7.4228904107037703,0.16969407834679756
TZA,2020-2039,7.5656468728009392,0.16612145044026091
FUND-FSU,2020-2039,9.6649972691255446,0.10434052546825304
SUR,2020-2039,9.4669408237232879,0.18029705987700498
DZA,2020-2039,9.1395462260526763,0.17289776880159266
DOM,2020-2039,9.4282543518963955,0.012269049904519033
PRI,2020-2039,10.036420205060173,0.07255685299790661
CHN,2020-2039,9.7973250781788526,0.06377244157406789
LVA,2020-2039,9.9646644031300244,0.010128266570429962
FSM,2020-2039,9.2216746947344603,0.041331434634133905
FUND-SSA,2020-2039,7.6220156445222722,0.086377080775130982
CYM,2020-2039,9.2216746947344603,0.041331434634133905
SLV,2020-2039,8.9203732434441072,0.034592741525634109
BFA,2020-2039,7.2629597888273345,0.40255663183677065
AGO,2020-2039,8.7599782943725568,0.0
ETH,2020-2039,7.2856291602639578,0.20882506115045646
ALB,2020-2039,9.2193298339843732,0.0
DNK,2020-2039,10.523492981405818,0.021977007386781645
WSM,2020-2039,8.6903076732859876,0.27836734248401546
GIN,2020-2039,7.5744981485254614,0.51837007602935226
KGZ,2020-2039,8.4633187125710876,0.47560580078843528
VEN,2020-2039,9.5838980394251205,0.0012233047250560871
FRA,2020-2039,10.415518480188705,0.033194274232118147
SEN,2020-2039,7.6934855966007003,0.16885487828448112
MMR,2020-2039,7.91605520248413,0.0
SDN,2020-2039,7.9548231854158278,0.013391625859878877
PRY,2020-2039,8.7430088940788711,0.21642864438090345
GMB,2020-2039,7.8849689539741066,0.10020074482162418
PSE,2020-2039,8.3841218948364258,0.0
FUND-SEA,2020-2039,8.915293076459097,0.012100764543461
COL,2020-2039,9.3541142519782561,0.092068643109379844
TCD,2020-2039,7.3796875336590926,0.07705342622170519
ASM,2020-2039,9.2216746947344603,0.041331434634133905
PRK,2020-2039,9.2194521286908309,0.041330626087987522
ESH,2020-2039,9.246487617492674,0.041331030363037875
TWN,2020-2039,10.792751312255858,0.0
CZE,2020-2039,10.369128283332374,0.13177264476946218
ESP,2020-2039,10.301470812629249,0.024693844168679237
LAO,2020-2039,8.4722052742453187,0.078600963704909946
ZAF,2020-2039,9.4978818893432599,0.12757602987410069
STP,2020-2039,8.5270218568689682,0.42762062108354176
MRT,2020-2039,8.0185519386740278,0.18790812696013068
CAN,2020-2039,10.632170677185059,0.049693514433365706
JPN,2020-2039,10.473917624529669,0.059084723336618995
DJI,2020-2039,8.0538436665254469,0.28368976963703146
HKG,2020-2039,10.872141333187326,0.15189244433637561
FUND-LAM,2020-2039,9.51611406662885,0.07087683167068827
SYR,2020-2039,8.8554313323077007,0.15767725571458804
GBR,2020-2039,10.574358042548685,0.0078964637740136026
USA,2020-2039,10.850858576157513,0.058960533127698771
COD,2020-2039,6.6303218953749701,0.20164765214750263
KO-,2020-2039,9.2611532211303711,0.041331030363037875
FIN,2020-2039,10.549688114839441,0.040554328446822545
GUF,2020-2039,9.2201852798461896,0.041331030363037875
SLB,2020-2039,8.2214780695298124,0.051437856703352013
BHR,2020-2039,10.242730533375457,0.14930991235460736
KWT,2020-2039,10.905790497274959,0.21189343845088762
HUN,2040-2059,10.349010074839871,0.0021755728594795285
LBR,2040-2059,7.4077032313627349,0.20237965110444761
AUT,2040-2059,10.826511551352109,0.096035887003687259
KAZ,2040-2059,10.377993415383731,0.08093794484558274
LBN,2040-2059,10.113219766055837,0.067175767819425983
FUND-MAF,2040-2059,9.419924567727481,0.22917949251545217
LKA,2040-2059,9.2935364106122158,0.49888782100970852
FJI,2040-2059,9.0569092806647795,0.24473455082134823
KEN,2040-2059,8.0910657994887405,0.092958004906719738
TLS,2040-2059,8.6212073494406294,0.23683525759939891
MNE,2040-2059,9.7395467758178693,0.0
FUND-SIS,2040-2059,9.189266260932472,0.043138074146112121
SRB,2040-2059,9.5927132438210858,0.33506654596555868
SWE,2040-2059,10.822098956388585,0.087028578779840951
TKL,2040-2059,9.5454103245454665,0.097872057697426088
ALA,2040-2059,9.5454103245454665,0.097872057697426088
UKR,2040-2059,9.8358779234044675,0.22579315053439714
LCA,2040-2059,9.5602398479686048,0.16138195862814717
FUND-CHI,2040-2059,10.255868462955249,0.069759918320230568
CIV,2040-2059,8.4408564287073471,0.71217891260910104
CHL,2040-2059,10.134934818043426,0.15603768372536819
IRN,2040-2059,9.7752775865442612,0.11236320121264898
MEX,2040-2059,9.9534333172966445,0.026798623928657936
MUS,2040-2059,9.9986690633437192,0.34796220921087428
FUND-FSU,2040-2059,10.051632039687211,0.10822767153989332
TUN,2040-2059,9.9278161104987639,0.28747982433172753
EGY,2040-2059,9.4335179609410904,0.18317085714214507
ASM,2040-2059,9.5454103245454665,0.097872057697426088
BDI,2040-2059,7.1167330741882324,0.47942276065049949
AGO,2040-2059,8.5623950958251935,0.0
PAN,2040-2059,10.2605982948752,0.27993328792934219
CZE,2040-2059,10.693505174973431,0.24824427506121724
DJI,2040-2059,8.5580356261309447,0.5838716875916925
BOL,2040-2059,9.0713710784912109,0.27625083258028449
MNG,2040-2059,9.609239297754625,0.48072474586456243
TKM,2040-2059,10.420179871951831,0.094278196245959373
PAK,2040-2059,8.3457210765165435,0.17255391514242011
QAT,2040-2059,11.701469421386717,0.0
GTM,2040-2059,8.9141879923203398,0.099116396841069626
BWA,2040-2059,10.07902145385742,0.03274847995238267
SAU,2040-2059,10.412657176747041,0.21696828843957816
SLB,2040-2059,8.6551368376787963,0.051034134596867245
CUB,2040-2059,9.4279127681956574,0.37208080497813711
SWZ,2040-2059,8.6959728914148666,0.12505822269846439
NGA,2040-2059,8.5616662081550139,0.09202738074776412
GNB,2040-2059,7.7808050548329071,0.38590366820965838
MWI,2040-2059,7.5120937684003035,0.14664910749463547
PRY,2040-2059,9.1641721725463867,0.30490059578463047
GMB,2040-2059,8.2771751179414625,0.27462238631738101
ESP,2040-2059,10.434805477366726,0.064827460095446335
NZL,2040-2059,10.55804443359375,0.056818131913214838
GHA,2040-2059,8.2073057399076568,0.40682382857805566
BHR,2040-2059,10.438345684724695,0.16495923479459734
MYS,2040-2059,10.122275632970474,0.18246292709923592
ERI,2040-2059,6.7421632654526649,0.49779921933415427
GRD,2040-2059,9.5454103245454665,0.097872057697426088
HRV,2040-2059,10.117686832652371,0.057214573456507149
UZB,2040-2059,9.4376817591050095,0.45529222399825631
NOR,2040-2059,11.012458520777084,0.01949763105472422
YEM,2040-2059,8.636411891264073,0.68194177553582536
RWA,2040-2059,7.7461729891159941,0.43026119606002
FUND-MDE,2040-2059,9.7026535482967589,0.00048422487139980209
CPV,2040-2059,8.9534931743846222,0.16687995264124272
NRU,2040-2059,9.5454103245454665,0.097872057697426088
RUS,2040-2059,10.380601770737591,0.079591664262818634
ROU,2040-2059,10.013219945571,0.080533817316405701
FUND-LAM,2040-2059,9.7564093645881194,0.063356986683637956
TZA,2040-2059,7.9806164012235739,0.38865812216977103
FUND-SAS,2040-2059,8.9394394930671233,0.071914454694407909
BFA,2040-2059,7.5978015731362722,0.57286822748340926
GBR,2040-2059,10.784631785224464,0.020890839342113467
MDA,2040-2059,9.5472457549151244,0.35576967978647406
KO-,2040-2059,9.5848888509413772,0.097871652439091961
BLZ,2040-2059,9.2499081106746885,0.092306505563027996
DNK,2040-2059,10.703194393831142,0.031229058276005486
ISL,2040-2059,10.909420630511114,0.074137358779284054
ATG,2040-2059,9.5454103245454665,0.097872057697426088
PER,2040-2059,9.8877231934491334,0.2044747225658127
SOM,2040-2059,4.9324726497425742,1.0280852204908468
ZMB,2040-2059,8.2069329093484296,0.17018639546060207
FUND-SSA,2040-2059,8.0289609572466674,0.18853454488577889
CYM,2040-2059,9.5454103245454665,0.097872057697426088
SEN,2040-2059,7.9905353433945603,0.31229240029283067
REU,2040-2059,9.5454103245454665,0.097872057697426088
FUND-SEA,2040-2059,9.3421202266917494,1.9013084813111448e-05
MAR,2040-2059,9.1743192111744598,0.46693586495560202
WSM,2040-2059,9.032177476321948,0.36043191120733947
KNA,2040-2059,9.5454103245454665,0.097872057697426088
GRL,2040-2059,9.5563758962294632,0.097871652439091961
TGO,2040-2059,7.4145447506624098,0.56852658905929709
BRA,2040-2059,9.7253294552073744,0.0055068934746601919
HTI,2040-2059,8.1068910149966964,0.10912087796820809
BMU,2040-2059,9.5454103245454665,0.097872057697426088
FUND-CAN,2040-2059,10.875349269193762,0.1091864122322643
MLI,2040-2059,7.5503555466147017,0.11885573537476708
SYR,2040-2059,9.2747724196490111,0.3121975325521279
TCD,2040-2059,7.757496104520909,0.27488876698249903
VNM,2040-2059,9.2832190569709319,0.13214360066225916
TWN,2040-2059,11.062233924865721,0.0
AZE,2040-2059,9.6050319671630859,0.47719803537394662
AUS,2040-2059,10.86502041536219,0.026810759893139597
IND,2040-2059,9.1958424624274748,0.18286867350915309
MKD,2040-2059,10.018636647392722,0.069776101001381236
DOM,2040-2059,9.6550231821396775,0.014588636208937779
JOR,2040-2059,9.4312732920927154,0.05836061179815235
COM,2040-2059,7.4585913489846618,0.35790904529920459
ISR,2040-2059,10.718920988195082,0.034496462646963114
COG,2040-2059,9.1079370274263241,0.24411926063856193
DEU,2040-2059,10.734020850237677,0.098524569529416198
MTQ,2040-2059,9.5454103245454665,0.097872057697426088
CHN,2040-2059,10.267161201028262,0.076003061046009165
DZA,2040-2059,9.3123244117288024,0.122249961603188
ECU,2040-2059,9.3881112827974196,0.10392385608425807
LSO,2040-2059,8.0675190196317779,0.45063403472595054
GUM,2040-2059,9.5454103245454665,0.097872057697426088
ALB,2040-2059,9.4955234527587873,0.0
OMN,2040-2059,10.369834338917451,0.21715396884291374
FUND-#N/A,2040-2059,nan,nan
CMR,2040-2059,8.3807948617374191,0.32910374051247449
GUY,2040-2059,8.9129461400649124,0.038405859357456155
FRA,2040-2059,10.61038454841165,0.039655459030827851
USA,2040-2059,11.045553656185373,0.050504196215936388
GEO,2040-2059,9.7857528574326462,0.2823414676372466
SJM,2040-2059,9.4801446690278901,0.097872057697426088
MMR,2040-2059,8.2600011825561523,0.0
SDN,2040-2059,8.317502190085019,0.086325500823190515
SUR,2040-2059,9.8736486434936523,0.13339400868895235
PHL,2040-2059,8.8100024391623108,0.1696117568274525
NAM,2040-2059,9.3505533442777757,0.14030058475376533
MDG,2040-2059,7.4874480471891509,0.18881812403102849
ZAF,2040-2059,9.8284227707806746,0.10859498723201473
LBY,2040-2059,10.184713756336885,0.31324002301874787
FUND-WEU,2040-2059,10.662151224472943,0.0081254289207316841
ETH,2040-2059,7.6738354178035948,0.4127401050924599
ZWE,2040-2059,6.9250341022715833,0.60359627035826835
GIN,2040-2059,8.1541851268095122,0.80226757245748104
NCL,2040-2059,10.249243736267088,0.0
LIE,2040-2059,9.5454103245454665,0.097872057697426088
FSM,2040-2059,9.5454103245454665,0.097872057697426088
LAO,2040-2059,8.8741939769071685,0.27810965322030379
SLV,2040-2059,9.1875107709099257,0.049983563450056223
ITA,2040-2059,10.526779174804686,0.050133644661624975
JAM,2040-2059,9.3807180068072125,0.36674544099195655
GUF,2040-2059,9.5439209096571958,0.097871652439091961
EST,2040-2059,10.558595713447122,0.1849253143604635
VCT,2040-2059,9.6572699827306394,0.055758258402344447
MOZ,2040-2059,7.7618410447064559,0.26631653337610245
CAN,2040-2059,10.875349269193762,0.1091864122322643
SVN,2040-2059,10.537705477546242,0.16721005182145873
TCA,2040-2059,9.5454103245454665,0.097872057697426088
ESH,2040-2059,9.5702237521900848,0.097872460715099724
IRQ,2040-2059,9.3136445774751557,0.16106925278566425
ARE,2040-2059,11.083214759826658,0.0
PSE,2040-2059,9.0061264038085938,0.0
SVK,2040-2059,10.554943533504709,0.17161580612565108
BRB,2040-2059,10.060820972218233,0.10707313555713646
TJK,2040-2059,9.1222674986895402,0.57201142515463987
NLD,2040-2059,10.911504913778865,0.079129283109032653
CRI,2040-2059,9.7707074670230636,0.14665578238168517
DMA,2040-2059,9.5454103245454665,0.097872057697426088
KHM,2040-2059,8.87623820585363,0.089171789546600988
TUR,2040-2059,9.9654794580796189,0.16999606050317473
LVA,2040-2059,10.261433264788458,0.020373847811335468
KOR,2040-2059,10.877796173095705,0.29186859907537743
WLF,2040-2059,9.5454103245454665,0.097872057697426088
SSD,2040-2059,9.5434297673842483,0.097871652439091961
HND,2040-2059,8.7532291412353498,0.1417633676826297
SHN,2040-2059,9.5454103245454665,0.097872057697426088
MRT,2040-2059,8.4157741210039916,0.29583361479765713
MNP,2040-2059,9.5454103245454665,0.097872057697426088
FUND-JPK,2040-2059,10.703455364002901,0.13358414065162655
CYP,2040-2059,10.094260440153233,0.26955299216576151
PRT,2040-2059,10.359308354994829,0.055982773051112246
KWT,2040-2059,11.145688225241269,0.40176172085209605
URY,2040-2059,10.127815302680519,0.048374739997498882
NPL,2040-2059,7.6845176360186409,0.12335049067267707
GAB,2040-2059,9.6882417342242064,0.307562415182561
SPM,2040-2059,9.5454103245454665,0.097872057697426088
IRL,2040-2059,10.781679041245404,0.074234446782634467
COD,2040-2059,7.5468502325170173,0.24208487117772817
GLP,2040-2059,9.5454103245454665,0.097872057697426088
TTO,2040-2059,10.567326938404756,0.088681900997097524
THA,2040-2059,9.8508815204395948,0.12696235718105431
NIC,2040-2059,8.6340044246000396,0.30321773815222663
NER,2040-2059,7.1109292366925407,0.21336330105659768
LUX,2040-2059,11.481508479398839,0.25172081799423224
BLR,2040-2059,10.284734782050638,0.022235099212676503
ARG,2040-2059,10.151564485886517,0.077322240110778276
POL,2040-2059,10.48371898426729,0.0059243705163467006
MYT,2040-2059,9.5454103245454665,0.097872057697426088
GNQ,2040-2059,10.424266646890079,0.12402949897032334
GRC,2040-2059,10.470488099490893,0.0066630460172293123
CHE,2040-2059,10.920555507435516,0.0070170113491982641
IDN,2040-2059,9.5658784754136033,0.10115200446914786
BGD,2040-2059,8.3103616377886578,0.37948596409103491
UGA,2040-2059,7.8261542320251465,0.30460487514105133
ARM,2040-2059,9.5725056704352873,0.36653386796232529
STP,2040-2059,9.1077499950633314,0.6967148754589404
BTN,2040-2059,9.9845985524794632,0.23109373281808276
HKG,2040-2059,11.050992853501263,0.12491825661889988
BEL,2040-2059,10.772006483638988,0.082908823791149111
,2040-2059,9.3239804997163649,0.01996891096874789
PNG,2040-2059,8.8870030571432661,0.13074998987330386
TUV,2040-2059,9.5454103245454665,0.097872057697426088
KGZ,2040-2059,9.1670959697050201,0.59218016424080422
VEN,2040-2059,9.9998758540433972,0.049083479436470984
ATF,2040-2059,nan,nan
BEN,2040-2059,7.7761375202852134,0.27393467806591465
PRK,2040-2059,9.543187758501837,0.097871248578461148
AND,2040-2059,9.5454103245454665,0.097872057697426088
FUND-ANZ,2040-2059,10.8187053343829,0.014194622129924792
SLE,2040-2059,7.6561301455778228,0.24119024762611735
FUND-EEU,2040-2059,10.219245069167192,0.0089300429742875526
PLW,2040-2059,9.5454103245454665,0.097872057697426088
COL,2040-2059,9.5840657739078292,0.09313175262646449
VIR,2040-2059,9.5454103245454665,0.097872057697426088
PRI,2040-2059,10.270087242126463,0.048586310997082625
TON,2040-2059,9.0100002849803236,0.30696896357473802
JPN,2040-2059,10.628485062543083,0.065520422764285643
AFG,2040-2059,7.8361649513244629,0.0
BHS,2040-2059,10.486766983481013,0.0021711230282000123
VUT,2040-2059,9.1071631487678086,0.22662042395770673
BRN,2040-2059,10.733041258419259,0.52136847020468913
FUND-CAM,2040-2059,9.6793965732350049,0.00010153753709950275
FUND-USA,2040-2059,11.043549593757179,0.050568518257837931
UMI,2040-2059,9.5454103245454665,0.097872057697426088
BIH,2040-2059,9.926989050472482,0.14124840042831557
FRO,2040-2059,9.5454103245454665,0.097872057697426088
BGR,2040-2059,10.166019271401799,0.11797082137208932
LTU,2040-2059,10.299080792595356,0.03989211045689451
CAF,2040-2059,7.2416362481958725,0.32903476522610597
SMR,2040-2059,9.5454103245454665,0.097872057697426088
FIN,2040-2059,10.756366224849925,0.05741562516654302
SOM,2060-2079,5.4571490568273209,0.80552103442381862
JOR,2060-2079,9.7674881991218108,0.15693979292603208
URY,2060-2079,10.293406037723317,0.049570536926161833
KWT,2060-2079,11.210252481348373,0.28137988845927187
TUV,2060-2079,9.7792348861694336,0.12875888151658244
DJI,2060-2079,8.9226870817296646,0.74732566907330356
DEU,2060-2079,10.924799526438992,0.080587618886065165
LUX,2060-2079,11.576920733732335,0.31398557211183997
NRU,2060-2079,9.7792348861694336,0.12875888151658244
GBR,2060-2079,10.94672253552605,0.053647005183819839
CRI,2060-2079,9.9042104833266311,0.16194506373928161
ESH,2060-2079,9.8040475845336896,0.12875888151658244
BRA,2060-2079,9.8208907071281857,0.10554077138751543
AUT,2060-2079,11.00393704807057,0.083075897548120975
ZAF,2060-2079,10.037107523749857,0.068923346559512419
GMB,2060-2079,8.5933508031508481,0.45506183929310334
KHM,2060-2079,9.1825533474192884,0.026021113324167625
MLI,2060-2079,7.9492222281063292,0.25874936247037311
GNQ,2060-2079,10.525549215428969,0.09125269969721489
BMU,2060-2079,9.7792348861694336,0.12875888151658244
CAF,2060-2079,7.6216535568237305,0.46987398438982431
FUND-SAS,2060-2079,9.1417809093699738,0.01549923759732612
UZB,2060-2079,9.7490110958323744,0.38780172902277049
GNB,2060-2079,8.2491699667537901,0.58607254753363502
MYT,2060-2079,9.7792348861694336,0.12875888151658244
POL,2060-2079,10.677558618433334,0.026145305002927957
MNE,2060-2079,9.9044780731201154,0.0
ASM,2060-2079,9.7792348861694336,0.12875888151658244
IDN,2060-2079,9.8261359719669112,0.12178272950874273
IRL,2060-2079,10.935086867388558,0.060226312854168788
CZE,2060-2079,10.936621048871206,0.2790457344914668
NZL,2060-2079,10.791735088123994,0.035206011541689966
FJI,2060-2079,9.3784607718972595,0.18703818350016677
GUF,2060-2079,9.777745246887207,0.12875888151658244
SPM,2060-2079,9.7792348861694336,0.12875888151658244
MEX,2060-2079,10.119245024288402,0.077553225455070401
FUND-CAM,2060-2079,9.8589304755715759,0.013709183349516851
GLP,2060-2079,9.7792348861694336,0.12875888151658244
NAM,2060-2079,9.5948105419383332,0.17173514327281275
ISR,2060-2079,10.90096383936265,0.02217320557721375
PHL,2060-2079,9.1003405066097471,0.24470987935994604
GTM,2060-2079,9.1829710006713867,0.026050239938739818
BEL,2060-2079,10.957743925206799,0.072354586415710007
TKM,2060-2079,10.660209767958698,0.12086039363004354
SMR,2060-2079,9.7792348861694336,0.12875888151658244
FUND-LAM,2060-2079,9.9109754562377912,0.037356098999424284
SYR,2060-2079,9.5390645195456116,0.42537586406202865
ZWE,2060-2079,7.6304615245145904,0.8341942625666372
CPV,2060-2079,9.1874004251816697,0.2429271028265228
BFA,2060-2079,7.9694884244133446,0.65346130658254364
GEO,2060-2079,10.0800241021549,0.20822716229920699
IND,2060-2079,9.3716935550465301,0.1318414157153098
NOR,2060-2079,11.118314069860119,0.06141766052155264
TON,2060-2079,9.323565763585707,0.24820503269834004
TUN,2060-2079,10.23053040223963,0.24832720263635211
BRN,2060-2079,10.855779928319592,0.45747589184836129
BHR,2060-2079,10.578258963192209,0.1656343951918508
UGA,2060-2079,8.2201056199915268,0.48277793811769298
EST,2060-2079,10.798634304719812,0.234631365924376
FUND-ANZ,2060-2079,10.951328053193933,0.00046804352986296889
HTI,2060-2079,8.5569338518030484,0.25334946442457568
SVN,2060-2079,10.734131869147804,0.17652844323836281
CUB,2060-2079,9.699115248287427,0.32639216152472661
DOM,2060-2079,9.8358921163222366,0.018373032147921148
KNA,2060-2079,9.7792348861694336,0.12875888151658244
FUND-EEU,2060-2079,10.393845333772546,0.0015194220529810402
CHE,2060-2079,11.127674439374138,0.019968101720745833
FUND-CHI,2060-2079,10.40563746059642,0.075236066388738754
DMA,2060-2079,9.7792348861694336,0.12875888151658244
MWI,2060-2079,7.9863710964427268,0.26854671935637919
TZA,2060-2079,8.3523506276747757,0.55254393599162699
,2060-2079,9.4364307066973527,0.072147465671337882
TLS,2060-2079,8.9711495567770552,0.20561347948527331
FSM,2060-2079,9.7792348861694336,0.12875888151658244
BHS,2060-2079,10.579144590041217,0.074929026968425155
BTN,2060-2079,10.25036329381606,0.25289476973662084
FUND-JPK,2060-2079,10.863534590777228,0.11176287529387642
GHA,2060-2079,8.5233672646915188,0.49116126317772224
PER,2060-2079,10.089180609759161,0.23648493408870636
HKG,2060-2079,11.151120241950538,0.048986798167597503
ALB,2060-2079,9.6989660263061506,0.0
LKA,2060-2079,9.4843970467062544,0.51688869593976006
GAB,2060-2079,9.8546616610358733,0.32700219775017353
SUR,2060-2079,10.13337853375603,0.079353394674971725
AUS,2060-2079,10.97859909955193,0.0065683854104398968
COM,2060-2079,7.8877495036405669,0.51592124751628854
DZA,2060-2079,9.4803872388951902,0.09550231012366818
WSM,2060-2079,9.3368144315831785,0.32903132469027341
LVA,2060-2079,10.417842584497786,0.019852810464384314
FIN,2060-2079,10.93620911766501,0.04776551566731662
UKR,2060-2079,10.112519544713637,0.17574850709303391
TCA,2060-2079,9.7792348861694336,0.12875888151658244
GUM,2060-2079,9.7792348861694336,0.12875888151658244
DNK,2060-2079,10.898962245267979,0.029942241574950478
LIE,2060-2079,9.7792348861694336,0.12875888151658244
GIN,2060-2079,8.5261973773731903,0.95143388589938016
HUN,2060-2079,10.621301202213063,0.04008709427477905
ALA,2060-2079,9.7792348861694336,0.12875888151658244
JPN,2060-2079,10.771030369926901,0.023765443447334406
ATG,2060-2079,9.7792348861694336,0.12875888151658244
PSE,2060-2079,9.4886245727539062,0.0
ESP,2060-2079,10.610573375926297,0.081751865315421876
FUND-MAF,2060-2079,9.6641621870153092,0.25559987332196465
FUND-WEU,2060-2079,10.844685105716481,0.014709186487158606
CIV,2060-2079,8.823881990769328,0.8246917914514077
BLR,2060-2079,10.467033386230469,0.024000880941819531
KEN,2060-2079,8.4626511966480926,0.21011268582637288
BWA,2060-2079,10.231444414924171,0.016874645941002905
PRK,2060-2079,9.777012825012207,0.12875888151658244
SAU,2060-2079,10.460056697621065,0.13388673004744142
GUY,2060-2079,9.2214536105885223,0.07506130872552165
QAT,2060-2079,11.722944259643553,0.0
SSD,2060-2079,9.7772531509399414,0.12875888151658244
FRO,2060-2079,9.7792348861694336,0.12875888151658244
ITA,2060-2079,10.731623705695656,0.070151100799099253
FUND-#N/A,2060-2079,nan,nan
BEN,2060-2079,8.1448619505938353,0.40130683381823284
ARG,2060-2079,10.28213949764476,0.059602120645370869
JAM,2060-2079,9.6232174144071685,0.35613941804205829
CAN,2060-2079,11.092433929443358,0.13327709736401072
HRV,2060-2079,10.252059375538543,0.089369604681046419
MUS,2060-2079,10.181389808654785,0.32735414041333194
NIC,2060-2079,9.0061888414270719,0.41585400440939135
CYM,2060-2079,9.7792348861694336,0.12875888151658244
COG,2060-2079,9.3853157267850982,0.33386184687428699
MOZ,2060-2079,8.1407754000495469,0.39936587798650131
MRT,2060-2079,8.7792294446159822,0.39860839022424399
GRD,2060-2079,9.7792348861694336,0.12875888151658244
SWE,2060-2079,10.978073007920209,0.067577469165350609
PLW,2060-2079,9.7792348861694336,0.12875888151658244
ECU,2060-2079,9.6065349578857404,0.1569685124104947
PAN,2060-2079,10.435547604280359,0.28880871672308239
MDG,2060-2079,7.9555177688598615,0.40398502490964178
ATF,2060-2079,nan,nan
LAO,2060-2079,9.1017719156601835,0.40583051059359387
NCL,2060-2079,10.355066299438475,0.0
FUND-CAN,2060-2079,11.092433929443358,0.13327709736401072
VNM,2060-2079,9.6145245047176573,0.071977966611483452
NPL,2060-2079,7.9971668019014235,0.263313087371845
IRQ,2060-2079,9.3162014344159285,0.21298930973525168
RUS,2060-2079,10.519956813139071,0.056989653035405485
BRB,2060-2079,10.180079740636488,0.092332396302408734
MTQ,2060-2079,9.7792348861694336,0.12875888151658244
GRC,2060-2079,10.707173123079189,0.0028535684446176915
ARE,2060-2079,11.074790954589842,0.0
NER,2060-2079,7.5121694172129896,0.34437644359792668
VUT,2060-2079,9.4585052939022276,0.12766826361641173
KO-,2060-2079,9.8187134125653444,0.12875847646377678
CHL,2060-2079,10.302757094888124,0.15065740861933227
SLB,2060-2079,8.9928691527422728,0.025266661157038864
NGA,2060-2079,8.8990457198199096,0.172359739539589
ZMB,2060-2079,8.6184452281278716,0.31649043691865386
LBN,2060-2079,10.311894921695483,0.063627214115755421
AZE,2060-2079,9.6927378037396572,0.52405172954406165
BLZ,2060-2079,9.4848987915936629,0.043201990494413693
SJM,2060-2079,9.7139685013714949,0.12875847646377678
FRA,2060-2079,10.777551875394932,0.0098612755459091764
FUND-SSA,2060-2079,8.3896137686336729,0.31395138313935089
FUND-USA,2060-2079,11.173404637505024,0.0079482438650852003
YEM,2060-2079,8.9699787252089571,0.5761060869228839
MNP,2060-2079,9.7792348861694336,0.12875888151658244
AGO,2060-2079,8.6607723236083967,0.0
RWA,2060-2079,8.0802377813002622,0.55751948150521036
SLE,2060-2079,8.0360086104449096,0.40701820568628638
BIH,2060-2079,10.168525976293227,0.13309708416541649
PNG,2060-2079,9.2642747093649476,0.00016140829046660071
FUND-SEA,2060-2079,9.5840988159179688,0.031875095283244621
REU,2060-2079,9.7792348861694336,0.12875888151658244
NLD,2060-2079,11.079949939952176,0.10249302428941812
LTU,2060-2079,10.4376340192907,0.042225855054501195
SWZ,2060-2079,9.0098742316750915,0.19390875539771721
TGO,2060-2079,7.8184176613302796,0.67833072119840843
FUND-MDE,2060-2079,9.8172357783598052,0.019315592289806061
SVK,2060-2079,10.777798316057991,0.19322145428285584
GRL,2060-2079,9.7902011871337873,0.12875888151658244
PRY,2060-2079,9.4781500872443694,0.37065766549452506
OMN,2060-2079,10.411691833944882,0.20452811954042113
ISL,2060-2079,11.098320680506088,0.081384143696794059
COL,2060-2079,9.7728007260490859,0.092236118781474932
TUR,2060-2079,10.107432814205392,0.14499476949168857
VCT,2060-2079,9.866800027735092,0.030150171834458266
CMR,2060-2079,8.7396464067346908,0.44900822352719627
BGD,2060-2079,8.5974891886991607,0.48440031151987589
HND,2060-2079,9.0399876201854035,0.24725195339363529
PRI,2060-2079,10.466498262741986,0.051264716872000758
BOL,2060-2079,9.3682492200066054,0.33670813144285133
MAR,2060-2079,9.4283410801607008,0.54748627415359863
ERI,2060-2079,7.1235595029943122,0.38813951773428612
TTO,2060-2079,10.726806247935574,0.15592077321621955
UMI,2060-2079,9.7792348861694336,0.12875888151658244
SRB,2060-2079,9.7807728823493498,0.34145329172237932
ROU,2060-2079,10.188921030829933,0.083052433867222941
CHN,2060-2079,10.416047769434311,0.083089652026035576
THA,2060-2079,10.11668788685518,0.11760067550646698
MKD,2060-2079,10.258384704589844,0.059967817082527124
LBR,2060-2079,7.8645871667300957,0.32444110054785102
FUND-FSU,2060-2079,10.235053567325368,0.10646269794490323
KGZ,2060-2079,9.5927338880651121,0.46930237462121993
ARM,2060-2079,9.7882913701674514,0.3381879063631118
BGR,2060-2079,10.344292247996609,0.1557812132498585
KAZ,2060-2079,10.364675746244542,0.009360060414494777
LSO,2060-2079,8.5114412307739258,0.58821759274001351
ETH,2060-2079,8.0304238375495451,0.60015491140705801
SHN,2060-2079,9.7792348861694336,0.12875888151658244
EGY,2060-2079,9.7114278007956099,0.23190401225215848
MMR,2060-2079,8.3785972595214844,0.0
BDI,2060-2079,7.5614981370813696,0.69499318025986689
SDN,2060-2079,8.5979755065020385,0.20651801375914874
MYS,2060-2079,10.331809548770682,0.19499249384801007
TWN,2060-2079,11.207316398620604,0.0
AFG,2060-2079,8.3267154693603516,0.0
MNG,2060-2079,9.8735427856445312,0.57593863568981296
AND,2060-2079,9.7792348861694336,0.12875888151658244
FUND-SIS,2060-2079,9.4440330056583175,0.025812375542487154
LCA,2060-2079,9.8079551247989425,0.13147248270395129
VEN,2060-2079,10.286246187546674,0.14733741689265961
PAK,2060-2079,8.6441040600047376,0.22875271039777575
KOR,2060-2079,11.08348756677964,0.32103575043023147
TKL,2060-2079,9.7792348861694336,0.12875888151658244
IRN,2060-2079,9.9758613249834838,0.12406914205889275
TJK,2060-2079,9.5050125122070295,0.47280359822721602
STP,2060-2079,9.4268795462215653,0.79977666762898147
TCD,2060-2079,8.1602203144746674,0.46099369062183526
SLV,2060-2079,9.4243548337151015,0.067210556958489154
WLF,2060-2079,9.7792348861694336,0.12875888151658244
LBY,2060-2079,10.250777861651251,0.22909899151046573
VIR,2060-2079,9.7792348861694336,0.12875888151658244
USA,2060-2079,11.175547936383415,0.0077601366651810283
PRT,2060-2079,10.598736819098978,0.08186958147050287
CYP,2060-2079,10.247006752911734,0.3096360423332552
COD,2060-2079,8.1034419115851897,0.057830271762041467
SEN,2060-2079,8.2906487408806271,0.44696089095870389
MDA,2060-2079,9.8881948695463286,0.2747977506887293
VCT,2080-2099,10.091273171561104,0.018042137360463471
ARE,2080-2099,11.061993598937988,0.0
FUND-CHI,2080-2099,10.500819478716169,0.078745540327185837
CIV,2080-2099,9.0171842575073242,0.94856326364018906
DEU,2080-2099,11.100675446646553,0.057488577768463514
NRU,2080-2099,9.9708663395472925,0.15968096968890377
VUT,2080-2099,9.7819137573242188,0.033975810583183934
BOL,2080-2099,9.6062556675502222,0.42963878058144056
PRK,2080-2099,9.9686437334333124,0.15968182954833038
SSD,2080-2099,9.9688846043178003,0.15968096968890377
DMA,2080-2099,9.9708663395472925,0.15968096968890377
ALB,2080-2099,9.9029226303100568,0.0
MLI,2080-2099,8.2578131811959388,0.40402336557181412
FRO,2080-2099,9.9708663395472925,0.15968096968890377
ROU,2080-2099,10.376862389700753,0.095842875445444939
RUS,2080-2099,10.663649286542618,0.022558487648322207
BMU,2080-2099,9.9708663395472925,0.15968096968890377
FUND-SAS,2080-2099,9.3143892288208008,0.032522203719383053
NGA,2080-2099,9.2164553233555377,0.33025408784247007
FRA,2080-2099,10.928536142621722,0.026891305702506967
POL,2080-2099,10.861163275582449,0.035849904905751025
GUY,2080-2099,9.5108694349016432,0.14048206448553238
FUND-FSU,2080-2099,10.439303670610698,0.1187137117636865
BLZ,2080-2099,9.7209880011422278,0.0026685371302455781
PSE,2080-2099,9.8777494430541992,0.0
AUS,2080-2099,11.106262479509624,0.009753473099427078
LKA,2080-2099,9.5661841801234644,0.55574978457650714
BHR,2080-2099,10.729870387486049,0.15394753778183501
FUND-SEA,2080-2099,9.7790283475603381,0.076589686247455893
REU,2080-2099,9.9708663395472925,0.15968096968890377
FUND-USA,2080-2099,11.27555888039725,0.058300255665597385
NLD,2080-2099,11.245440346854071,0.14661961261873951
FJI,2080-2099,9.690686907087052,0.13419889660411199
ISR,2080-2099,11.059614453996929,0.00066088735621180103
GTM,2080-2099,9.4463554109845838,0.041843127071862891
SPM,2080-2099,9.9708663395472925,0.15968096968890377
FUND-LAM,2080-2099,10.039736066545757,0.024946126195738976
SVK,2080-2099,10.956456184387207,0.20085114706446933
PLW,2080-2099,9.9708663395472925,0.15968096968890377
NIC,2080-2099,9.2764791761125842,0.52924363949943232
ZWE,2080-2099,8.1105672291346949,1.1002222486095425
AND,2080-2099,9.9708663395472925,0.15968096968890377
CMR,2080-2099,8.9917091642107287,0.57961626551591405
ESP,2080-2099,10.810731479099816,0.082971082903902635
KEN,2080-2099,8.786160332815987,0.37060224638302119
PRI,2080-2099,10.652749197823661,0.081322309833300591
BRN,2080-2099,10.913406644548688,0.43339472514734612
TCD,2080-2099,8.4418796811785022,0.64832031221893538
ERI,2080-2099,7.6097029277256549,0.23514038746674246
TTO,2080-2099,10.888885634286062,0.21135081249245619
UMI,2080-2099,9.9708663395472925,0.15968096968890377
SRB,2080-2099,10.016939435686382,0.36999176652434584
NPL,2080-2099,8.2941628864833277,0.41582347953392529
CHN,2080-2099,10.509754453386577,0.088432236833889635
BEN,2080-2099,8.4358899252755304,0.56144120461287905
IRQ,2080-2099,9.4251507350376666,0.2597386216039988
BRB,2080-2099,10.295871870858328,0.077145020666217548
MKD,2080-2099,10.462297984531947,0.067228694977776143
FUND-EEU,2080-2099,10.543926239013672,0.012488357229952812
MTQ,2080-2099,9.9708663395472925,0.15968096968890377
TUV,2080-2099,9.9708663395472925,0.15968096968890377
ETH,2080-2099,8.3050986698695581,0.80733243660589937
BGR,2080-2099,10.475435938153947,0.18565203046024817
MUS,2080-2099,10.307266371590748,0.30771670818477437
CHE,2080-2099,11.321928296770366,0.04479687136546192
EGY,2080-2099,9.9134213583809974,0.31063211133283264
TLS,2080-2099,9.2611543110438745,0.16608993926609167
KO-,2080-2099,10.01034436907087,0.1596814029519843
CHL,2080-2099,10.441967555454799,0.17896474657127298
GRD,2080-2099,9.9708663395472925,0.15968096968890377
MYS,2080-2099,10.498623166765483,0.22801387230121367
,2080-2099,9.5539926801409027,0.14119982269599257
ZMB,2080-2099,8.9413478033883216,0.47817091578889542
AZE,2080-2099,9.9135926110403876,0.48087004939345018
FUND-SSA,2080-2099,8.6946103232247474,0.47664041574585081
MNE,2080-2099,10.066420555114744,0.0
MOZ,2080-2099,8.4330923897879444,0.55578877560109685
YEM,2080-2099,9.3344041279384058,0.51024807491868518
FUND-SIS,2080-2099,9.6918076106480182,0.092363091983352907
WLF,2080-2099,9.9708663395472925,0.15968096968890377
KOR,2080-2099,11.224218641008648,0.34123843212747268
BIH,2080-2099,10.360439845493861,0.16112509952597265
PNG,2080-2099,9.5757059369768402,0.11910921102538145
DZA,2080-2099,9.6960856573922296,0.1418719125605897
SWZ,2080-2099,9.3003030504499158,0.25975154281289414
FUND-CAM,2080-2099,10.026825632367814,0.012726173448520497
VNM,2080-2099,9.882171630859375,0.027817581962535091
LBY,2080-2099,10.317517825535365,0.19127517360435994
ITA,2080-2099,10.932924270629883,0.089101307075943326
ISL,2080-2099,11.256646156311033,0.09264786905914793
USA,2080-2099,11.277951513017927,0.058702646827793657
DNK,2080-2099,11.078122683933803,0.018054631185766553
LIE,2080-2099,9.9708663395472925,0.15968096968890377
GIN,2080-2099,8.6926340375627777,1.1163517381973411
MDA,2080-2099,10.213069915771483,0.23247163418535227
URY,2080-2099,10.433406557355607,0.053624068645777533
JPN,2080-2099,10.933467592511857,0.016118929025943949
SOM,2080-2099,6.0568436895098001,0.63688877219440299
KWT,2080-2099,11.158284596034456,0.13454097209055499
GEO,2080-2099,10.371965544564382,0.18819261497182302
DJI,2080-2099,9.1039955956595264,0.89949153414425642
ATG,2080-2099,9.9708663395472925,0.15968096968890377
BWA,2080-2099,10.357722009931289,0.054820472004500992
CRI,2080-2099,10.041106360299244,0.17830343263561205
SAU,2080-2099,10.488609177725655,0.071089759679868289
SLB,2080-2099,9.2889411108834388,0.10126137534423602
ESH,2080-2099,9.9956790379115503,0.15968096968890377
STP,2080-2099,9.5723807471139093,0.89652936664025096
KHM,2080-2099,9.4494726998465399,0.034183469752832492
FUND-ANZ,2080-2099,11.09568200792585,0.010248923033545923
CAF,2080-2099,7.9456689017159592,0.63529321564198282
GNB,2080-2099,8.5681513377598346,0.77886838431473859
LBR,2080-2099,8.2157700402396063,0.45509328179580405
CUB,2080-2099,10.002695901053292,0.29967663348042484
ARG,2080-2099,10.407929011753625,0.04772691951462224
SYR,2080-2099,9.7113050733293775,0.51612196748850525
MYT,2080-2099,9.9708663395472925,0.15968096968890377
MNP,2080-2099,9.9708663395472925,0.15968096968890377
HRV,2080-2099,10.407712391444614,0.13519367314961564
CYM,2080-2099,9.9708663395472925,0.15968096968890377
SDN,2080-2099,8.8640945979527057,0.31788636305471607
BTN,2080-2099,10.420674051557269,0.25327492920947858
FUND-JPK,2080-2099,11.017442158290317,0.087075562928492847
GLP,2080-2099,9.9708663395472925,0.15968096968890377
FUND-MDE,2080-2099,9.9369562694004596,0.036465124804633521
HKG,2080-2099,11.23608752659389,0.011239392319176757
SWE,2080-2099,11.123611722673687,0.040978028155006521
AFG,2080-2099,8.7845916748046857,0.0
BEL,2080-2099,11.10934257507324,0.04794491778977155
ECU,2080-2099,9.8196761267525812,0.21773996040852692
TKM,2080-2099,10.774118832179477,0.080190531908884755
TUR,2080-2099,10.211955342973981,0.12717815330892404
SUR,2080-2099,10.348242487226212,0.035015825549757074
ARM,2080-2099,10.042534828186035,0.35240027575704169
BFA,2080-2099,8.2231483459472638,0.80770810251921299
BGD,2080-2099,8.802869251796178,0.60613101302814787
TJK,2080-2099,9.8809074674333832,0.42723606642808998
LAO,2080-2099,9.2471547807965973,0.53728500170088467
CPV,2080-2099,9.377205439976283,0.32854456254901704
HND,2080-2099,9.2836454936436237,0.34568584913140438
OMN,2080-2099,10.505756378173826,0.21702780753111375
IRN,2080-2099,10.108085223606652,0.12434590301906762
NCL,2080-2099,10.435386657714844,0.0
FUND-CAN,2080-2099,11.267111778259274,0.14592469151162321
TUN,2080-2099,10.381501606532504,0.26893632252232996
SLV,2080-2099,9.6572302409580768,0.10191407763513351
COD,2080-2099,8.5419543130057178,0.11669830554484005
SEN,2080-2099,8.5309341975620807,0.59995555869207129
EST,2080-2099,10.965372085571287,0.24947762996305731
PRT,2080-2099,10.825933592660085,0.086789926730844486
THA,2080-2099,10.306694575718469,0.12848657146284975
JOR,2080-2099,10.033029011317661,0.25443644292122364
SVN,2080-2099,10.88063280923026,0.16369153108607809
KGZ,2080-2099,9.9974669047764362,0.40721040427707017
ALA,2080-2099,9.9708663395472925,0.15968096968890377
KNA,2080-2099,9.9708663395472925,0.15968096968890377
LSO,2080-2099,8.8360001700265052,0.73825957539661669
DOM,2080-2099,10.019528661455427,0.043273039448823436
MWI,2080-2099,8.410092217581612,0.4467236250566245
GBR,2080-2099,11.10902214050293,0.089128449879770866
NER,2080-2099,7.8802210944039475,0.55605804340514242
FUND-WEU,2080-2099,11.019707543509346,0.040488179142280159
LUX,2080-2099,11.699997629438128,0.39442477684756799
SHN,2080-2099,9.9708663395472925,0.15968096968890377
AUT,2080-2099,11.16230705806187,0.060731407061140247
PER,2080-2099,10.235027994428362,0.28456971656279856
BRA,2080-2099,9.9058042253766718,0.19692546079947307
UZB,2080-2099,10.085114887782504,0.35673309175603563
GMB,2080-2099,8.7983871187482539,0.64936203958225513
FUND-#N/A,2080-2099,nan,nan
JAM,2080-2099,9.9315287726266028,0.33313200112794444
IRL,2080-2099,11.073641777038571,0.04207620421854899
MRT,2080-2099,9.0358283179146905,0.50939030707860733
ASM,2080-2099,9.9708663395472925,0.15968096968890377
COM,2080-2099,8.2269486018589539,0.68097908093890269
CAN,2080-2099,11.267111778259274,0.14592469151162321
CZE,2080-2099,11.114093916756765,0.29887142188297355
AGO,2080-2099,9.0172452926635724,0.0
TKL,2080-2099,9.9708663395472925,0.15968096968890377
FIN,2080-2099,11.100562504359653,0.026732762336006237
MEX,2080-2099,10.269035611833845,0.11008555678828495
MMR,2080-2099,8.4652872085571289,0.0
GUM,2080-2099,9.9708663395472925,0.15968096968890377
COG,2080-2099,9.5752667018345416,0.42599614995917079
UKR,2080-2099,10.387946946280342,0.15842941707615335
KAZ,2080-2099,10.425520896911619,0.0977626372608843
PHL,2080-2099,9.3596170970371766,0.35183201631495736
GRL,2080-2099,9.9818307331630152,0.15968096968890377
SMR,2080-2099,9.9708663395472925,0.15968096968890377
GNQ,2080-2099,10.603929928370883,0.060796031920025882
COL,2080-2099,9.9485529490879596,0.13747015935409948
HUN,2080-2099,10.85361235482352,0.05972844340451864
IND,2080-2099,9.5166982923235199,0.10021662371259345
BLR,2080-2099,10.641622134617396,0.0050294643588863286
TON,2080-2099,9.6458425521850568,0.18752741719642491
UGA,2080-2099,8.5164669581821961,0.69974783070253854
MAR,2080-2099,9.5681013379778168,0.62048915867760956
FUND-MAF,2080-2099,9.851313727242605,0.31842876584123753
NOR,2080-2099,11.283552442278179,0.0879014585645264
LBN,2080-2099,10.473123550415037,0.074197308725516456
NAM,2080-2099,9.7650316783360065,0.21237617732387826
QAT,2080-2099,11.77692985534668,0.0
HTI,2080-2099,8.9121931621006549,0.39499088057485654
ZAF,2080-2099,10.196416446140834,0.061457779778559596
SLE,2080-2099,8.3304264886038624,0.57359395081303943
LTU,2080-2099,10.598555292401993,0.030649833270132518
IDN,2080-2099,10.014872278485978,0.14574029633516514
GRC,2080-2099,10.92037500653948,0.0024621713986435968
NZL,2080-2099,11.032848221915108,0.013174232497205554
BHS,2080-2099,10.699615342276434,0.14257846746384911
GHA,2080-2099,8.776846068246023,0.62786770684015925
TZA,2080-2099,8.5969161987304688,0.7410517614450155
GUF,2080-2099,9.9693764277866901,0.1596814029519843
FSM,2080-2099,9.9708663395472925,0.15968096968890377
BDI,2080-2099,7.8899218695504318,0.91673965726006446
TWN,2080-2099,11.304043769836424,0.0
PRY,2080-2099,9.6941452026367188,0.44469529596117835
GAB,2080-2099,9.9925729206630152,0.34766075887557513
MNG,2080-2099,9.9982778004237574,0.67313612477513096
TCA,2080-2099,9.9708663395472925,0.15968096968890377
SJM,2080-2099,9.9055994578770221,0.1596814029519843
PAN,2080-2099,10.535574640546526,0.3166516099476292
ATF,2080-2099,nan,nan
LCA,2080-2099,10.056053842817033,0.089565307656082893
VEN,2080-2099,10.416136605398995,0.17661804018622998
PAK,2080-2099,8.9003806795392713,0.31075446070440998
RWA,2080-2099,8.3412369319370807,0.70683943081623735
MDG,2080-2099,8.3070434842790863,0.64041293518734854
LVA,2080-2099,10.579865455627441,0.0015621755866691786
WSM,2080-2099,9.6612191881452265,0.30240246909108293
VIR,2080-2099,9.9708663395472925,0.15968096968890377
TGO,2080-2099,8.1148891448974592,0.83312663398560372
CYP,2080-2099,10.479866981506346,0.3415675822734841
